entity,COUNT（*）
Twitter,260649 
Verizon Media,187356 
Instagram,82471 
Путин,66604 
Отмечается,64099 
Utah,62891 
Va.,61364 
Tenn.,58550 
نوفمبر,55801 
это,51871 
brexit,51135 
Huawei,49280 
turkey,47616 
الذين,45781 
Mich.,45766 
Punjab,44857 
New Release,44576 
Mass.,43790 
Pa.,41470 
Santa,40345 
Ala.,39814 
PRWeb,39668 
Bitcoin,39036 
Guest\n  ,38869 
Infosurhoy,38830 
вЂ,38122 
City,34140 
Media,33410 
Ill.,33148 
Ga.,32081 
Bewertung,31800 
Biden,31772 
Ky.,31482 
Ore.,31388 
بناء,31029 
fla.,30680 
السعودية,30451 
Join,29757 
Новости,29286 
Idaho,28791 
Ind.,28564 
Dabei,28537 
Miss.,27934 
Ogun,27633 
lagos,26862 
Alibaba,26702 
Kan.,25619 
Wash.,24279 
Olympic,23416 
Uber,21470 
MD,19288 
N.H.,19046 
N.M.,19023 
twitter,19020 
’d,18839 
Uhr,18528 
PE,18169 
Gesamtbewertung,18021 
Ondo,17579 
n.c.,17337 
Urdu,17419 
Mars,17343 
the Western Conference,17210 
Handel,17158 
Neb.,16405 
can?t,15792 
Imo State,15687 
работы,14278 
pa.,13088 
Tottenham Hotspur,12615 
mass.,12171 
Sri Lankan,11760 
Devdiscourse,11604 
mich.,11582 
kingdom,11487 
Uyo,11479 
R.I.,11477 
Things,11404 
Prince Harry,11299 
ill.,11089 
COLUMBUS,11068 
Sheffield United,11006 
Android,10334 
Vikings,10123 
Obama,9801 
Mont.,9742 
Sikh,9623 
Unternehmens,9516 
Jos,9190 
Kingdom,8902 
utah,8893 
Kamis,8864 
Para,8819 
instagram,8639 
Valley,8598 
huawei,8559 
Santa Claus,8391 
Collective Investment Scheme,8313 
FL,8142 
won?t,7871 
States,7835 
ore.,7583 
quebec,7440 
Wolves,7418 
pacific,7324 
Telegraph,7246 
Nifty,7244 
Online,7216 
Power,7186 
LINCOLN,7102 
Beita,7045 
ga.,7022 
Mobile,6975 
punjab,6903 
Airbnb,6890 
Пресс,6710 
Kucoin,6585 
n.m.,6639 
ROCK,6354 
Branche,6353 
Realme,6341 
коронавируса,6326 
mo.,6203 
Wyo,6162 
ca,6117 
sacramento,6024 
： \n  ,6023 
the South-South,5967 
Surrey,5899 
Rohr,5869 
IoT,5846 
mt,5807 
Havana,5766 
wash.,5766 
minn.,5730 
ky.,5719 
Jupiter,5667 
Bharti Airtel,5657 
Qusra,5623 
la.,5620 
WARSAW,5592 
Grand Slam,5570 
Jahr,5545 
Marlian Fest,5534 
которые,5532 
Hamburg,5530 
PAUL,5495 
Drug Abuse,5475 
Championship,5426 
La,5420 
Segmentation,5414 
Nativeland,5291 
Super,5241 
العليا,5235 
artikel,5228 
maine,5227 
مشروع,5197 
mont.,5181 
كورة,5150 
PV,5116 
Replica,5071 
Prince George,5050 
Irrua,4993 
Hanukkah,4979 
ديسمبر,4960 
UP,4912 
Swede,4836 
Quilox,4779 
Cryptopia,4773 
Qom,4677 
b.c.,4676 
Campus,4659 
Queen,4622 
Minna,4610 
YoBit,4609 
idaho,4590 
Netflix,4578 
verizon media,4568 
Marketbeat Ratings,4567 
Love,4421 
neb.,4406 
isn?t,4399 
category,4369 
View,4355 
uae,4310 
مشيرًا,4302 
things,4288 
نتائج,4276 
Sabah,4236 
Вместе,4224 
PERTH,4205 
Channels,4124 
ny,4119 
Công,4099 
miss.,4080 
MN,4077 
mars,4073 
कहा,4052 
’s,4050 
Basra,3962 
Photo,3929 
Port,3840 
atlanta metro,3761 
Newton,3753 
Plains,3726 
HTML5,3717 
prc,3698 
النقدية,3671 
Black,3666 
ogun,3661 
Opera,3659 
borno,3656 
Tennis,3631 
nev.,3614 
Taal,3582 
QB,3578 
the Maple Leafs,3575 
ON,3570 
Weibo,3546 
Offering,3541 
Второе,3515 
Tsitsipas,3509 
N37b,3492 
WhatsApp \n  ,3479 
Ligue,3474 
Los Angeles Kings,3460 
the United States District Court,3444 
Dyegh,3443 
Trong,3417 
Onitsha,3415 
IG,3414 
Kogi Governorship,3403 
Нилов,2299 
Island,3392 
Zacks Rank,3392 
Больше,3386 
Feb,3384 
del.,3384 
Sun,3381 
Lalong Charges Christians,3367 
Ring,3357 
Ermm,3329 
IRVINE,3326 
HitBTC,3325 
Store,3314 
MA,3309 
Dayton,3301 
Beit,3292 
стоит,3283 
Hawks,3268 
md,3257 
Green Zone,3246 
warsaw,3239 
إخطارًا,3236 
App,3177 
dnipro,3071 
Metro,3056 
United States District Court,3223 
w.va,3218 
Гарри,3191 
Ogun\n  -,3190 
Cedar Rapids,3181 
Abuja A High Court,3178 
مثلما,3177 
dc,3158 
Ndigbo,3155 
Orange,3154 
Rapid City,3149 
pa,3125 
History,3109 
Honor,3107 
ikoyi,3104 
#xenophobia - 187,3103 
edo state,3091 
CITY,3088 
arlington,3081 
MOBILE,3075 
الجهود,3071 
RENO,3061 
الاتحادية,3056 
P.C.,3038 
Battle Creek,3035 
Boca Raton,3032 
Dengan,3029 
PUNCH,3029 
Virgo,3002 
EL PASO,2972 
CM,2968 
L.P.,2959 
ark.,2917 
r.i.,2917 
Throwback,2909 
Taiwo Awoniyi,2894 
Tempe,2892 
Alphabet,2887 
Midway,2883 
pune,2858 
Поэтому,2854 
FRESNO,2851 
Птичий,2842 
Orijin,2840 
states,2835 
MCeeing,2829 
Pasalnya,2825 
Reggaeton,2825 
Eden Gardens,2824 
Music,2818 
Sabres,2812 
vt,2809 
congo,2805 
Scope,2804 
Category,2775 
Varanasi,2771 
Chuks Okocha,2769 
Omoyele Sowore,2714 
Lagos Blue Line Light Rail,2708 
Dakwa,2701 
UW,2697 
android,2697 
cdt,2697 
Следственного,2686 
Governorship,2683 
Jain,2682 
Ahiazu-Mbaise LGA,2669 
the United States House of Representative,2658 
SF,2653 
el paso,2652 
Rest of Europe,2647 
Abuja The Court of Appeal,2645 
valley,2640 
Houthis,2639 
la,2626 
Suit Challenging,2616 
Estado,2613 
الأندية,2577 
OTTAWA,2556 
Thais,2552 
Big East,2549 
kowloon,2530 
Dundee,2528 
Lawan\n  ,2521 
Thiem,2520 
WACO,2517 
Railway,2507 
Bacteria,2506 
Sudoku,2506 
NFC East,2503 
Комиссия,2500 
EAST LANSING,2491 
Bayelsa\n  - NigerianEye,2487 
الممتاز,2486 
ZAGREB,2480 
West Point,2479 
Alta,2443 
выдавать,2422 
Request,2409 
New York Jets,2395 
Алексей,2395 
Ekiti \n  ,2394 
Licensor,2394 
Seorang,2393 
Infosys,2390 
al-Zawiya,2386 
نيوز‎,2382 
Дружба,2380 
al-Ayyam,2374 
mobile,2362 
Attain,2361 
Muhammed Babandede,2357 
Maple Leafs,2343 
FC,2342 
east,2333 
N.L.,2332 
Calif.--(BUSINESS,2331 
houthi,2326 
начать,2323 
Houthi,2319 
Leafs,2302 
Betis \n  ,2299 
Test,2294 
Prince William,2290 
Персидского,2263 
المتاحة,2263 
Morningstar,2261 
Eket,2258 
TULSA,2255 
Toast,2252 
Aurora,2246 
Blue,2236 
okla.,2228 
Ciudad,2222 
Lightning,2217 
"Abuja, Obasanjo",2210 
n.d.,2209 
utc,2195 
COVID-19,2179 
Marketing,2179 
latest,2172 
Quang,2171 
NABLUS,2158 
North’s,2154 
Обстоятельства,2146 
Нового,2134 
s.d.,2122 
Vogue,2120 
بجائزة,2119 
me’-Kwame Nkrumah,2117 
Target,2116 
NEW,2114 
Beni,2111 
Imo,2106 
billings,2101 
Depuis,2100 
الكبير,2090 
Berikut,2089 
TMR?s,2081 
TLD:.in,2077 
Warriors,2077 
Upcoming,2059 
Decatur,2058 
Duncan,2055 
Hotspur,2046 
Mountain View,2042 
сообщает,2039 
Ifetedo,2030 
Updates,2026 
Belt,2023 
Megxit,2023 
SALEM,2023 
FORT MYERS,2022 
Centurion,2018 
Nexstar,2015 
marketbeat ratings,2015 
Automotive,2004 
Donnerstag,1998 
carolinas,1988 
раньше,1987 
El Clasico,1984 
kosovo,1982 
BEREA,1980 
المباريات,1980 
Mediafax,1979 
صانع,1978 
the Milky Way,1977 
Sunrise,1975 
Death,1973 
Reading,1972 
uber,1968 
Pirates,1953 
جدية,1953 
Dawn,1950 
Leeds United,1941 
Mustang,1940 
Ochadamu Ward,1926 
Trends,1921 
Sea,1916 
Insurgency,1914 
Kota,1913 
Проблемы,1913 
استاد,1913 
St. Louis Blues,1906 
Hate Speech,1905 
Соответствующие,1905 
Magic,1901 
New York Islanders,1900 
Kaduna\n  ,1899 
Zara,1898 
join,1897 
Американская,1897 
Buhari\n  -,1896 
Comp0.0,1896 
DR,1896 
Едином,1896 
Deadline,1889 
حضور,1889 
UA,1885 
New York State Common Retirement Fund,1884 
XR,1882 
n1.5bn,1869 
PK,1867 
Falsehood,1853 
devdiscourse,1852 
Abuja Hearing,1851 
P.S.,1836 
российским,1834 
sns,1832 
Neighborhood,1825 
بقية,1815 
Nile,1803 
Sword,1803 
Минтруда,1803 
فضلًا,1800 
Home,1799 
BC,1797 
Manipulations Bill,1792 
Freedom of Speech,1791 
NBCUniversal,1790 
WV,1787 
Presidency,1785 
jacksonville,1785 
Motul,1783 
Expedia,1778 
Sporting,1772 
— Germany,1772 
sa,1771 
Breakfast,1770 
Darbar,1763 
Конституции,1763 
JACKSON,1762 
MIAMI,1757 
Международные,1752 
Quando,1749 
media,1745 
Bulldogs,1743 
fl,1743 
irvine,1742 
Daily Mail,1740 
المجمع,1727 
Bushfire,1726 
Laredo,1726 
el salvador,1723 
New Jersey’s,1720 
Como,1719 
Honours,1714 
تلبي,1713 
CR,1709 
Россияне,1701 
David-West – Dakuku,1700 
Pharmaceuticals,1699 
Cudahy,1697 
MADISON,1696 
Prince Charles,1696 
fiji,1679 
Akron,1676 
مساءً,1676 
Prince Amour Udemude,1672 
عامًا,1670 
Boise,1669 
Syracuse,1669 
trendolizer,1669 
New Orleans Saints,1668 
va,1666 
pe,1663 
النقل,1662 
المحلى,1661 
Homestead,1660 
salem,1658 
Braun,1654 
Макрон,1648 
WORCESTER,1645 
Директора,1645 
Photographs,1636 
mmBTU,1635 
Lowry,1633 
lincoln,1633 
concord,1630 
السيدات,1630 
Persero,1627 
Presidente,1626 
Paytm,1623 
Unimaid,1622 
жилищно,1621 
Reviewed,1613 
Uruguayan,1612 
Islamophobia,1611 
Vivek,1607 
nj,1604 
News24,1601 
PlanB,1582 
Inc,1580 
gb,1579 
PT,1578 
Rt,1578 
html5,1576 
Адыгейска,1572 
Ph.D.,1571 
Cloud,1565 
#RevolutionNow,1564 
SM,1564 
Паразиты,1560 
ND,1559 
holdingschannel.com,1559 
والشخصيات,1552 
Samaritan,1549 
xenophobia,1540 
HOMESTEAD,1538 
Unnao,1536 
للإعلام,1533 
Kong,1532 
SPRINGS,1531 
New Telegraph,1529 
Полиция,1525 
PRWEB,1513 
Formula,1508 
