entity,COUNT(*)
Trump,610003
trump,1000
House,291759
nyse,222555
oath,130331
FREE,116146
Informationen,107277
Company,91660
Angebot,90488
Nutzungsdaten,90340
EPS,88575
Kurs,85364
PDP,80431
CAGR,79466
Maharashtra,78990
CURRENCY,76555
Forecast,75333
Labour,74400
IP,70746
Premium,67157
Dorset,66236
Premium Chat,64700
Agriculture House,64367
DORCHESTER,64363
Press,63340
Verified Members,61400
Chelsea,58075
Supreme Court,57894
WhatsApp,57646
EFCC,57475
ValuEngine,55411
Rs,54921
Form,54793
Trump鈥檚,53350
Omoyele Sowore,52741
Arsenal,51706
Nasdaq,50378
Oshiomhole,49543
USD,47865
Ondo Assembly,45330
Bola Taiwo,45329
Ondo NULGE,45329
PDP Reps Candidate,45329
MEET,44858
EXPIRY DATE,44712
SUGABELLY,44712
Topkeh,44562
press,44552
form,44427
Nigeria - Sawyer,44351
Nigerian,44288
History,44284
Golden Eaglets &,44060
Cabinet,43069
Tottenham,42676
PREGNANCY,41934
the ROMELU LUKAKU Story,41778
EBOLA VIRUS,41598
Stop Hair Loss ,41598
Paid Tech Exploration,41594
Akpos,41576
MY BOSS BULLIES ME INTO FRAUD,41308
Online Plus,41308
Lagos Fire,41141
Centre,40869
disclaimer and notice:worldpronews.com,39857
Infosurhoy,38742
Dow,37152
School Fees,36723
PRWeb Image,36717
SaharaReporters,36487
Variety,36012
Assembly,35999
TORONTO,35074
AllAfrica,34721
NYSEARCA,34294
Uttar Pradesh,34263
Next,34188
MOSCOW,34079
aol,34077
Global,33986
LOWEST,33647
sec,33620
Raleigh,32943
IPO,32385
NASHVILLE,31639
SAN FRANCISCO,31547
Liverpool,31525
ip,31520
premium chat,30923
SAN,30909
Finance,30900
TEHRAN,30882
Sun,30796
Request,30785
Birth Control,30652
AddThis,29564
Juventus,29162
Defense,28685
Das Unternehmen,28444
Need More Chart Options,28422
the Interactive Chart,28422
Ohio State,28074
LON,28059
Bernie Sanders,27977
ATLANTA,27780
Recession,26721
eps,25902
Smith,25574
Nollywood,25493
Einsch盲tzungen,25032
BENIN,24495
Digital,24370
TikTok,24349
Full EP,23608
iPhone,23175
nysearca,22924
Liberal,22900
Guardian,22872
Macron,22646
Vikings,22592
Sanders,21884
Telegram,21400
Visit Business Insider's,21379
Medicare,21284
Customs,21215
Police,21095
9:48:11 AM,20933
NFC,20599
Kelechi Iheanacho,20556
Gunners,20405
Grammy,20368
Chiefs,20281
Volkswagen,20216
forecast,20201
GNA,20033
INDIA,20008
Modi,19921
Board,19747
FAAN,19627
GETPRO,19478
Clemson,19420
MENAFN,19346
Mourinho,19177
Auf Basis,19113
FIR,19052
Sensex,18664
Technavio,18470
MSNBC,18364
Triangle,18233
LAS VEGAS,18150
Business Insider,18140
Serie A,17929
SPX,17885
Social Security,17882
NDA,17746
Analyseprozess,17684
Photo,17677
MELBOURNE,17607
SeekingAlpha,17602
Schema,17503
Hyundai,17498
Delta,17478
Kobe Bryant,17430
Olusegun Obasanjo,17247
VANCOUVER,17132
Social Media,17015
Mikel Arteta,16873
Philips Consulting Vacancies,16865
AI,16853
valuengine,16827
Benin,16824
NSE,16755
Unser Analystenteam,16749
Iheanacho,16583
Bratislava,16493
MEXICO CITY,16487
9:49:14 PM,16316
Cowboys,16189
Akwa Ibom State,16119
Bayern Munich,16118
Contacts Address,15932
Likud,15867
Budget,15841
Leicester,15812
Tamil Nadu,15712
Group,15662
SAN DIEGO,15653
Federal Reserve,15622
MMA,15597
Kremlin,15573
Crown,15572
NAME,15455
Duterte,15441
Musk,15422
Lions,15302
bse,15288
Singh,15167
Faktoren auf Basis,15154
ONLINE COMMENTS 鈥?PLEASE READ,15127
Target,15072
Unternehmen,15041
Penn State,15021
World,14948
Type,14741
GBP,14710
Sputnik,14608
Burnley,14594
Amnesty International,14442
Laugh Out Loud - Google Pizza,14442
Inter Milan,14400
"Panthers""",14305
Get TechSpot's,14150
the Social Innovation Challenge,14079
Company鈥檚,14043
EBITDA,14042
topics / posts / gists,14010
Shaibu,13837
"Edojobs, SLOT Foundation",13819
Odisha,13664
Regional Forecast,13631
WAFA,13586
Leicester City  Iheanacho,13570
Visa,13557
Videos,13531
Edo State,13524
Interior,13496
the Los Angeles Lakers,13489
SYDNEY,13466
鈥檇,13282
HONOLULU,13281
Newcastle,13213
Nebraska,13200
the Kansas City Chiefs,13195
community guidelines,13173
MarketWatch,13022
Google Home,12991
DENVER,12947
Karnataka,12897
MADISON,12885
"Business, Finance and Investment",12832
SEATTLE,12831
Analyse,12803
Opposition,12727
NUEE,12700
PressPhoto,12652
Healthcare,12620
SLOT Foundation,12586
Packers,12494
Mergers,12412
Port Harcourt,12341
Medicaid,12203
GO,12197
Party,12195
Labor,12180
Sport,12178
Davido,12177
Michigan State,12141
FactSet,12115
BC,12091
KABUL,12077
Nigeria,12044
Astros,12026
Education,12022
Delta State,11783
WI,11778
US Treasuries,11776
Soleimani,11701
HDFC,11683
swot,11616
CLEVELAND,11560
MINNEAPOLIS,11560
DROT,11534
the New England Patriots,11466
Niger,11464
Lincoln,11392
Knicks,11390
Epstein,11341
Refinitiv,11315
Urdu Nazam Poetry,11275
Parasite,11239
BETHLEHEM,11159
PITTSBURGH,11119
Lille,11062
Moody's,11038
Leicester City,10952
Uighurs,10880
nse,10764
rss,10724
KUALA LUMPUR,10702
Lekki,10637
Niyi Daram,10625
Defence,10608
india,10596
Clippers,10556
PSD,10556
Bluetooth,10549
Morales,10529
renaissance johor bahru hotel,10501
KARACHI,10500
AB Digital,10497
currency,10484
"Key Players, Application",10482
Prozent,10386
Lokoja,10380
Alphabet,10375
Cyprus,10373
Brooks,10362
Messi,10358
Alexa,10345
LNG,10277
Davos,10270
Niger State,10263
Pompeo,10244
LOUIS,10239
TAIPEI,10209
CT,10135
Outlook,10133
ATM,10107
Porter's Five Forces,10046
UI,10013
Olukoya,9955
NASCAR,9953
btc,9932
Lizzo,9875
Mauricio Pochettino,9861
DALLAS,9812
the Metropolitan Division,9779
Tesco,9736
toronto,9710
Klopp,9691
Special Adviser on Media and Publicity,9677
DIY,9581
IRNA,9566
GP,9547
Fashola,9544
Business Standard,9542
Mystery Babylon,9539
company,9496
seekingalpha,9490
Guardiola,9439
ISLAMABAD,9418
Vatican,9367
Islamic Jihad,9349
StreetInsider Premiumhere,9305
USDT,9294
Value,9275
CoinExchange,9258
YouTube API,9248
CAB,9220
TonightCloudy,9218
Acquisitions,9190
Energy,9175
cagr,9171
Fiat Chrysler,9160
Email Address,9157
JACKSON,9132
lon,9132
Ooni of Ife,9120
Johnson,9108
Read Related Topics,9075
lowest,9006
Catch,8997
Home,8964
Pope Francis,8942
Rajasthan,8938
"business revenue, future growth, trends plans",8921
"top key players, business opportunities",8920
Narendra Modi,8910
MILWAUKEE,8834
Crex24,8821
ANKARA,8818
"Top Key Players, Business Opportunities",8814
Login,8806
LAS,8795
Watford,8792
Carnival,8779
EDOGIS,8762
Wang,8761
Benin-Ore,8758
Otuoke,8754
Dance,8730
Commonwealth,8728
Obaseki鈥檚,8714
Chandigarh,8647
Rihanna,8629
Trends,8555
the Central Division,8552
USB,8547
Opportunities Analysis,8539
Houston Astros,8531
Yuletide,8496
TechCrunch,8460
Raptors,8458
Alor,8455
MVP,8428
Samsung Electronics,8420
Nigeria鈥檚,8413
Iheahancho,8412
Nwakaeme and Okereke,8412
Daraus,8401
nfl,8385
Status,8381
Cavaliers,8374
Shell,8353
HDFC Life,8319
DJ,8317
COO,8312
Hamas,8302
Shah,8275
Artikel,8244
Abia,8243
Growth Opportunities,8201
Receive News & Ratings,8188
Special Adviser,8133
Wilson,8116
Rivers State,8015
Stone,7930
MAHARASTRA,7912
Miller,7892
Cardiff,7883
Macy,7877
Barcelona,7846
the Thomson Reuters,7800
Anambra,7794
Raiders,7794
RAMALLAH,7788
Flipkart,7773
Oilers,7742
Il,7738
Stanley Uzochukwu,7738
Windows,7736
Einstufung,7692
McConnell,7688
Villa,7688
Area C,7680
Hulu,7670
next post,7666
Updated,7620
Bayelsa State,7565
Mn/Bn US$,7565
Prosperity Index,7553
Elliott,7545
Wilfred Ndidi,7535
Evo Morales,7520
Community Guidelines,7508
Hill,7418
TOI,7412
Investor Relations,7389
CryptoBridge,7372
iPhones,7359
The Motley Fool,7352
LA PAZ,7339
Edo,7324
Arteta,7321
Jharkhand,7244
the FCT Department of Road Transport Services,7222
Eastern,7213
Calgary Flames,7208
Bangladesh,7170
Salah,7110
the Edmonton Oilers,7108
Livecoin,7083
Operations,7081
Porter?s Five Forces Analysis,7073
Apple TV,7066
National Politics Election 2020,7065
Dortmund,7051
International,7049
Owerri,7048
Kospi,7047
Bucks,7028
"the Benin/Ore/Lagos""",7007
Benin/Ore,7006
SHOUTING,6995
TonightClear,6995
Toronto Raptors,6991
Turkish Airlines,6990
Potrivit,6952
Capital,6950
Vivian Metchie,6945
the Green Bay Packers,6909
Syracuse,6896
Nintendo Switch,6892
Home Depot,6885
Appeal Court,6875
JACKSONVILLE,6869
Musical,6862
Warren,6820
Control,6786
Heat,6783
Auburn,6782
Chargers,6725
Boston Celtics,6724
US Senators,6722
Thunberg,6709
Hotbit,6702
the Delhi Police,6686
Global Industry Insights by Global Players,6676
The Thomson Reuters Trust Principles,6671
PBS,6660
AirPods,6659
gbx,6656
Porter,6651
Nicole,6610
Morrison,6604
GAVI,6602
the Zacks Consensus Estimate,6601
"Manufacturers, Company Profiles",6596
Comfort Diya,6594
Merkel,6584
Erdogan,6580
BidAskClub,6578
enslave,6568
get techspot's,6543
IG,6538
Ayodhya,6527
MRC,6514
LP,6505
NCAC,6505
Password,6496
Orders 鈥?Executive Commutation of Death Sentence Order,6494
ANA,6491
Certificate of Occupancy,6488
CAC,6487
Panasonic,6486
the Towulade of Akinale,6484
Maldives,6482
Lombardy,6481
Deloitte,6475
PR Newswire,6459
Immunisation,6453
Regional Outlook,6447
Next Post,6442
toc,6442
Okonjo-Iweala,6438
Stock Target Advisor,6408
Data,6385
Trudeau,6366
PASADENA,6365
the Charlie One,6358
Commons,6349
Apple Watch,6311
Makinde,6310
Middle East  Africa,6309
Adevarul,6305
Jurgen Klopp,6295
bbm,6280
Accra,6265
Uighur,6259
Enugu,6253
Akwa Ibom PDP Ready for,6242
Kogi,6242
Konsolidierung,6226
Anaheim,6210
Regular Course,6204
NDA Admission,6199
Easter,6196
CDS,6192
Bittrex,6184
Media,6182
"Wonderful, Counselor",6182
AL,6175
EwinRacing Gaming Chair,6151
moody's,6149
Neymar,6142
NDP,6141
CsaLettori,6134
Lawyer,6116
Pinterest,6114
bidaskclub,6099
Okowa,6098
MAHARASHTRA,6096
Nickelodeon,6093
Ayade,6078
Great Tribulation,6069
Dangote,6065
LASU-Isheri,6063
Al Jazeera,6059
Xi,6055
Ibrahimovic,6052
Isaiah鈥檚,6052
Standard Digital Videos,6037
Bristol,6031
Aubameyang,6030
Nuggets,6016
Wedbush,6013
Flames,5971
Dorcas,5958
Scope,5950
Baby,5947
Flyers,5938
Strength,5935
Anderson,5934
Aregbesola,5933
Hamilton,5913
Technical Education,5907
ISTANBUL,5898
Wimbledon,5890
Ojezua,5888
Selasa,5887
BARCELONA,5879
Santa Claus,5870
CONSENT,5863
IL,5857
ISL,5847
the Vancouver Canucks,5834
The Hollywood Reporter,5830
NMLS,5829
"Business Share, Sales & Income, Manufacture Players, Application",5828
Pelosi,5820
Twins,5818
Flamengo,5815
BSE Sensex,5799
Academy,5783
Kano  Gabriel Afolayan,5779
shouting,5779
Branche,5774
maharashtra,5760
Park,5747
BlackRock,5746
Sharks,5735
the Calgary Flames,5732
Nomura,5725
Indore,5724
NABLUS,5696
Billboard,5695
Coastal,5683
IV,5651
Ziarul de Iasi,5648
LASEPA,5643
Exchange,5636
Request Free Sample Pages,5623
Hall of Fame,5617
Umahi,5616
Oppenheimer,5613
Kiwi,5605
Upbit,5605
Church,5599
Bethlehem,5584
Spurs,5584
Champagne,5583
Regina Akinrinmade,5582
Unnao,5578
technavio,5575
Challenges,5573
Apollo,5564
Wibbitz Top Stories,5539
SpaceX,5515
Campbell,5513
Shaheen Bagh,5504
Rajapaksa,5502
Rivers,5501
AIMIM,5498
Kohli,5495
Drug Abuse,5476
Software,5476
the Denver Nuggets,5464
TonightPartly,5463
Market Dynamics,5433
RIO DE JANEIRO,5432
the Toronto Raptors,5430
NFL Draft,5427
Vanguard,5421
OS,5413
Bailiwick Publishing,5391
Copenhagen,5383
Turner,5382
Nielsen,5378
Chevron,5348
Thackeray,5337
password,5303
Esper,5301
"Weakness, Opportunities and",5264
Eskom,5250
Rescue,5246
Montgomery,5234
Tech,5225
Yorkshire,5222
Q&A,5216
File Photo,5200
detroit,5197
six financial & barchart,5195
HT Digital Content,5166
KYIV,5153
Golden Globe,5151
Solidstar,5145
Agra,5136
Perry,5133
Caroline Flack,5129
Fayemi,5100
Mississippi State,5090
袦懈褏邪懈谢 袦懈褕褍褋褌懈薪,5080
Suns,5062
Opportunity,5057
MW,5055
Journal,5041
Knesset,5032
Agriculture,5031
Office,5030
FX,5015
Naval Staff,5009
NDLEA,5006
Aramco,4985
Crews,4979
LandMark Lagos,4967
Artificial Intelligence,4964
Muri Okunola P,4964
HitBTC,4953
Views Quebec,4947
AMZN,4940
Rutgers,4940
Green,4929
MR,4926
Klaus Iohannis,4902
Lafayette,4888
Chase,4882
Kobe,4882
Merseyside,4877
Akshay Kumar,4876
MarketBeat Ratings,4872
Threat,4870
Iowa State,4869
Super,4869
TSN,4858
Knights,4855
"Industry, Trade and Investment",4849
al-Ayyam,4845
Maj,4829
KUNA,4807
Freddie Mac,4805
Thompson,4805
ANALYSIS,4804
ICU,4802
Baylor,4796
Force,4794
Peugeot,4794
Asabe,4793
Ebonyi,4793
File,4780
Buhari,4765
TODAY,4763
greenwood,4759
COPENHAGEN,4758
Villanova,4756
IndiGo,4750
Arizona State,4745
the Seattle Seahawks,4740
FMCG,4735
Bayer,4734
Quran,4733
Stimmung,4733
AMVCA,4727
Star,4723
Daimler,4722
MONTREAL,4718
BOGOTA,4716
MEXICO,4714
PPP,4711
nampa,4708
Sprint,4703
Terry,4702
Opportunities,4680
NOTE,4677
Transportation,4674
Jackson,4669
BA,4666
Trust,4653
VIENNA,4653
KPK,4633
Goodluck Ibem,4623
Michelin,4621
Murphy,4619
Charlize Theron,4581
Giannis Antetokounmpo,4580
FXStreet,4576
Nirbhaya,4574
McGregor,4551
Dienstleistungen,4528
Ducks,4505
Aida,4499
NCR,4488
Artificial Intelligence (AI,4484
Paramount,4484
Success,4476
Business,4472
Water Resources,4458
Aberdeen,4454
Request Sample Copy,4449
Hughes,4448
Quint,4445
New New Kunchingoro,4444
Oregon State,4444
"BudgiT""",4423
Pence,4422
Leicester City,4421
Florida State,4420
Purdue,4406
Lawan,4395
Market Study Report,4388
Jurgen Klopp,4373
ETH,4372
Daytime Phone Number,4370
Gbenga Oduola,4370
Company Address,4369
Minnesota Timberwolves,4367
Leafs,4357
KeyCorp,4356
Cubs,4335
Canberra,4332
B枚rse,4329
Ballon,4328
Gallup,4328
FORM,4326
Oduola鈥檚,4325
Fannoun,4322
Volvo,4320
Star Wars,4314
Lecturer,4311
Chhapaak,4308
Congressional,4308
PEOPLE,4308
Sidharth,4307
MAN,4305
EPL,4298
Royal,4287
Alex,4283
Johnson鈥檚,4279
Pochettino鈥檚,4277
Public,4265
TN,4262
JUNEAU,4260
BFSI,4258
Merck,4249
InfoTrie,4245
GB,4233
BASF,4232
VC,4232
Rapman,4231
Evans,4230
Fire TV,4224
Howard,4217
NIMASA,4216
AMC,4214
Tata Sons,4213
Solskjaer,4210
"Manufacturers, Regions, Type and Application",4196
Portsmouth,4194
TonightMostly,4193
Dodge,4189
Showtime,4189
Automated Insights,4188
Impacting Trends,4187
Dhaka,4160
Manner Water Service,4153
Team Rebounds,4153
IoT,4148
MGM,4144
Cybertruck,4135
SEO,4124
Akwa Ibom,4121
ArcelorMittal,4119
KTRK,4114
Popular Smart Change,4114
Bernie,4108
CALGARY,4107
BIG,4106
Jammu & Kashmir,4106
Lukman,4106
PASSWORD,4103
Market Data,4098
house,4098
Guardiola Best,4091
"Manufacturers, Company Profiles,",4083
Jets,4080
Event Review,4075
Mr Andre Emmanuel,4075
Ghanaian,4072
RJD,4064
Badgers,4054
PE,4052
Noida,4051
Bailey,4041
Courtesy,4032
the General Election,4030
Error,4026
The Lagos State House of Assembly,4025
MCG,4023
Roku,4019
Lime,4008
Manufacturers,4005
the Paris Agreement,4004
Bayelsa Decides,4002
BYU,3994
top,3994
Arsenal鈥檚,3991
Omo-Agege,3991
Britons,3990
Fed Tech,3989
Kansas City Chiefs,3988
Ogunyemi,3986
TCU,3983
Nationals,3982
Ganduje,3981
Ndidi,3979
Infosys,3973
Selebobo,3970
Notably,3969
Ex AGF Adoke,3966
Tessa Majors,3966
the Line of Control,3964
Ultra,3962
Vault Records,3962
Canucks,3961
Guwahati,3951
Akpabio,3949
Craft Beer Festivals,3949
Technische Analyse,3948
Ibrahim,3938
Azeez Fashola,3937
Columbus,3936
NICOSIA,3933
the Duchess of Sussex,3929
Ladakh,3925
Fox & Friends,3923
Photo/Agencies,3920
Almonds,3910
the European Tour,3909
Molson Coors,3907
AP Sports Writer,3906
GPS,3895
Wildcats,3874
Onyebuchi Ezigbo,3866
Application,3864
Enslave,3863
FUTO,3862
CRM,3859
FCT,3854
Taraba State,3854
LikeLoading,3851
Matawalle,3850
Cryptopia,3849
Fintech,3849
wi,3823
Abia Uchenna,3821
Daegu,3812
Amongst,3810
Oklahoma State,3807
the Colorado Avalanche,3800
the Africa Magic Viewers Choice Awards,3798
the Africa Magic Viewers Choice Award,3797
Minneapolis-St,3795
Kukah,3793
Sondland,3786
Buhari,3783
BELGRADE,3782
Cinnamon,3781
global,3780
COLOMBO,3763
Fair,3755
100L,3745
Srinagar,3742
Adekola,3739
Megan Thee Stallion,3739
Xbox One,3734
Nutmeg,3725
Politburo,3711
Presidency,3697
PhD,3695
Indigo,3688
PEG,3688
Emirates,3687
login,3684
NEW YORK,3675
TheNation,3671
Bulldogs,3668
tel,3667
BET,3663
the Washington Capitals,3661
Service,3657
Better Bonding,3648
Queens,3648
Benue State,3645
SUBSCRIBE,3641
Settlements,3641
Mr Oluwadamilola Emmanuel,3639
Table & Figures,3634
Globe,3622
nigerianeye\ninvest,3619
Santos,3597
the Palestinian Affairs,3593
General Election,3583
Mauritius,3581
Outrage,3581
Asheville,3580
Exhibits,3579
Music,3577
PressPlay,3577
GUANGZHOU,3570
Meredith,3567
NTSB,3562
Watson,3562
Antetokounmpo,3558
Railways,3558
KAMPALA,3557
COMP,3554
World Bank Loan,3550
Boston Bruins,3549
Rajinikanth,3549
EP Review,3545
Leonard,3541
Fortnite,3540
Mozambique,3539
"Complex, Rep",3537
El Clasico,3536
iphone,3535
Arewa,3527
Cook,3527
Adamawa,3525
Brewgaloo NC,3519
MacArthur鈥檚,3516
NAF,3513
Consumption,3508
LOC,3508
American,3506
FAYETTEVILLE,3503
Info,3501
VIDEOS,3501
IND,3497
SACRAMENTO,3484
LGA,3480
Features,3479
Simplified,3479
IGR,3473
the Los Angeles Dodgers,3473
Sean Paul,3470
Wolves,3467
Motley Fool,3465
WA,3464
Fitch,3458
Mathematics,3455
Telecom,3455
the Securities Exchange Act,3450
Channel,3449
Nembe,3446
Youth and Sports Development,3445
Lawan Appoints Aide,3443
Meet Taiwo Agbona,3443
Adoke,3440
Pierre-Emerick Aubameyang,3431
Telugu,3429
Shiv Sena,3427
NA,3425
benin,3424
the Super Eagles Head Coach,3423
Gloria Anozie-Young,3418
Border Closure,3413
ipo,3413
Kayode Fayemi,3412
Boise State,3400
Administration,3398
SWAT,3398
Professorial Cadre,3394
More Than Budget Buhari Proposed For FCTA,3390
Schiff,3390
"Focus鈥?,3389
Prosecutor""",3383
Coindesk,3380
Domingo,3380
National,3380
The Plateau State Governor,3379
WB,3379
V.I,3376
Abbott,3372
UNN,3372
Melbourne,3365
Products,3363
Lesbos,3356
MINSK,3356
Onyebuchi Nwalozie Julius,3351
Google Analytics,3350
Jaguar,3348
the Quramo Publishing,3348
Bedouin,3347
Sacramento Kings,3347
the 2020,3347
Big Data,3346
CMA,3345
Scotland Yard,3345
Erez/Beit Hanoun,3343
Head Kano Council Of Chiefs,3343
Hawks,3342
Newlands,3342
rs,3342
Blue,3339
Product Type,3337
MultiChoice,3334
Avenatti,3330
Tiffany,3328
Rs 1,3327
KIEV,3326
bjp,3326
Biden,3325
Harvey Weinstein鈥檚,3323
The Tony Elumelu Foundation Entrepreneurship Programme,3321
wwe,3310
Unveiling,3309
the Los Angeles Kings,3306
Sarkodie - Adonai,3304
VPN,3302
Independent,3297
state,3293
MacBook,3290
Tribune News Service,3283
Assange,3282
MultiChoice Group,3281
Region - Global Forecast,3279
Academy Award,3277
PS,3273
consent,3273
"Users""",3260
request,3246
Femi Otedola,3245
Social,3244
Ebom,3232
CAN Commends United States For Placing Nigeria,3223
Nicola Sturgeon,3222
Central Cross River,3218
Exxon Mobil,3218
Emerging Technologies,3215
ChinaNews App Download,3214
Preston,3214
Red Bull Salzburg,3213
袗协小,3213
Neutral,3212
the Jordan Option,3212
Katsina State,3209
Information,3205
Liquidified Petroleum,3203
Offset,3192
VND,3192
LAX,3191
Legal Practitioner,3191
NSCDC,3191
history,3191
Abdullahi Ganduje,3190
the Cleveland Browns,3188
Others  Convener,3187
Enugu State,3182
CFD,3181
Ashley,3180
Bolivia,318
FNC,3172
NE,3171
Stufe,3165
Fury,3164
CoinDesk,3155
Kansas State,3155
Health and Human Services,3149
Grand Slam,3147
GAAP,3146
USD _ million,3146
